{
    "gopstop": {
        "sounds": [
            { "name": "frostbite:gopstop" }
        ]
    },
    "sound0": {
        "sounds": [
            { "name": "frostbite:sound0" }
        ]
    },
    "sound1": {
        "sounds": [
            { "name": "frostbite:sound1" }
        ]
    },
    "sound2": {
        "sounds": [
            { "name": "frostbite:sound2" }
        ]
    },
    "sound3": {
        "sounds": [
            { "name": "frostbite:sound3" }
        ]
    },
    "sound4": {
        "sounds": [
            { "name": "frostbite:sound4" }
        ]
    },
    "sound5": {
        "sounds": [
            { "name": "frostbite:sound5" }
        ]
    }
}