{
    "gopstop": {
        "sounds": [
            { "name": "gopstop" }
        ]
    },
    "final.sound0": {
        "sounds": [
            { "name": "sound0" }
        ]
    },
    "final.sound1": {
        "sounds": [
            { "name": "sound1" }
        ]
    },
    "final.sound2": {
        "sounds": [
            { "name": "sound2" }
        ]
    },
    "final.sound3": {
        "sounds": [
            { "name": "sound3" }
        ]
    },
    "final.sound4": {
        "sounds": [
            { "name": "sound4" }
        ]
    },
    "final.sound5": {
        "sounds": [
            { "name": "sound5" }
        ]
    }
}