{
    "gopstop": {
        "sounds": [
            { "name": "frostbite:gopstop" }
        ]
    },
    "final.sound0": {
        "sounds": [
            { "name": "frostbite:sound0" }
        ]
    },
    "final.sound1": {
        "sounds": [
            { "name": "frostbite:sound1" }
        ]
    },
    "final.sound2": {
        "sounds": [
            { "name": "frostbite:sound2" }
        ]
    },
    "final.sound3": {
        "sounds": [
            { "name": "frostbite:sound3" }
        ]
    },
    "final.sound4": {
        "sounds": [
            { "name": "frostbite:sound4" }
        ]
    },
    "final.sound5": {
        "sounds": [
            { "name": "frostbite:sound5" }
        ]
    }
}