{
    "gopstop": {
        "sounds": [
            { "name": "frostbite:gopstop" }
        ]
    },
    "sound0": {
        "sounds": [
            { "name": "frostbite:sound0" }
        ]
    },
    "sound1": {
        "sounds": [
            { "name": "frostbite:sound1" }
        ]
    },
    "sound2": {
        "sounds": [
            { "name": "frostbite:sound2" }
        ]
    },
    "sound3": {
        "sounds": [
            { "name": "frostbite:sound3" }
        ]
    },
    "sound4": {
        "sounds": [
            { "name": "frostbite:sound4" }
        ]
    },
    "sound5": {
        "sounds": [
            { "name": "frostbite:sound5" }
        ]
    },
    "electric": {
        "sounds": [
            {
                "name": "frostbite:electric"
            }
        ]
    },
    "nachalotehno": {
        "sounds": [
            {
                "name": "frostbite:nachalotehno"
            }
        ]
    },
    "naprag": {
        "sounds": [
            {
                "name": "frostbite:naprag"
            }
        ]
    },
    "stay": {
        "sounds": [
            {
                "name": "frostbite:stay"
            }
        ]
    },
    "zapas1": {
        "sounds": [
            {
                "name": "frostbite:zapas1"
            }
        ]
    },
    "the_end": {
        "sounds": [
            {
                "name": "frostbite:the_end"
            }
        ]
    }
}